participant,mean focused accuracy,mean divided accuracy,mean focused RT,mean divided RT
1,0.95,0.85,73.8030175,275.1673238
2,0.95,0.8,73.46863801,270.2640364
3,1,0.7,71.35749931,270.8142854
4,0.95,0.8,68.11943349,266.4238318
5,0.95,0.7,79.79696904,278.2024806